{
    "best_score": 0.10818214086577121,
    "best_params": {
        "n_estimators": 2000,
        "learning_rate": 0.041696655864230735,
        "max_depth": 2,
        "subsample": 0.5915079662206861,
        "colsample_bytree": 0.8506912529771978,
        "gamma": 3.016222778018523e-05,
        "reg_alpha": 0.0017939783849050856,
        "reg_lambda": 0.14994712762906404
    }
}